{"isDeviceConnected": false, "data": {"dissolvedCO2": [9.2574250316647, 1.609822709183243, 2.4295817456888145, 9.621362135126194, 6.036527353795642], "dissolvedO2": [3.786078418543385, 3.4415182594821787, 6.463487558269402, 4.707127546196746, 5.366012228265296], "glucose": [48.82780926655809, 72.94064475175514, 68.63143802188202, 69.92034370723903, 99.14912354256809], "od": [0.149499296146151, 0.2355981453010839, 0.1663517161281632, 0.23186042614497945, 0.45214871884290964], "temperature": [35.39256822190411, 36.07585303154458, 35.1774605401877, 35.52072457262391, 35.895687034588754], "ph": [5.144144336558106, 6.703859883208785, 5.239710939982405, 6.507629398093028, 5.254727329382295], "lightIntensity": [3.0289217298808593, 7.951075460995386, 8.179821686018382, 8.338837002043682, 8.705126110963612], "urea": [2.469166249032166, 5.328819935665247, 8.653211320997753, 8.714472541103802, 8.88262797204806], "ortofosfate": [1.6172615424450898, 7.478379913820025, 4.10173046416327, 9.7778326416615, 5.709875857648428], "totalCellCount": [951.8381688529474, 279.1474971343234, 302.95753840362164, 83.77802142219512, 624.4044926582585]}}