{"isDeviceConnected": false, "data": {"dissolvedCO2": [8.589528390009662, 6.113441563583518, 1.203639756183597, 6.21037493376037, 9.051478218740515, 3.1449170549374834, 2.742025669624817, 3.2767009185457865, 2.9084010234682136, 3.462932629269463, 7.796028614734761], "dissolvedO2": [3.0755383619225007, 3.881857935332242, 7.3085471901643215, 4.026438378490797, 2.9756472517725854, 4.368329507189415, 7.180471572296927, 3.3913040664392518, 1.8767179474765099, 8.048450732466721, 5.664000927385962], "glucose": [72.88509862364643, 76.58806114136249, 92.33795587275338, 27.740372313921853, 84.61071883915028, 17.03345650516798, 29.909360276722936, 58.390937801587086, 57.4156021041536, 36.74023558181135, 38.453618124742576], "od": [0.5577056444522355, 0.4922051589881764, 0.5774499046721765, 0.4901404536350271, 0.15482169867092652, 0.33160967670622254, 0.36761239800237167, 0.5546790581768858, 0.15471483659418403, 0.5178969797626145, 0.16928248768919316], "temperature": [36.90203034478849, 35.52141660702798, 35.679846686267744, 35.50766762637587, 36.73751062571915, 36.52650134238794, 35.39791128096723, 35.77732246784118, 36.29420077776198, 36.75708158700535, 36.9289231749611], "ph": [5.773232132910058, 6.681987436403121, 5.9468064215437035, 5.927401377529128, 5.309142541285237, 5.0211801189168455, 5.881533515719452, 5.885518506353753, 6.883744098126738, 5.78456588418784, 6.916864243750126], "lightIntensity": [6.1588279210405315, 8.96735148074346, 2.3865187585018184, 5.864747095530289, 7.040023964648693, 2.59001390685993, 9.11062766037334, 6.061595244466195, 4.038944222571935, 1.5607225128790272, 8.460179523595281], "urea": [9.637870840368882, 3.4736141298067125, 4.241552870042932, 7.184133451007995, 5.4482500633940365, 3.9388248980780336, 6.54507703773718, 7.162748645402575, 4.741025429824862, 2.4634265318986928, 5.20165310525014], "ortofosfate": [9.093759172602038, 7.620765982068979, 4.882770216752217, 1.0155947663614018, 1.3297442286376508, 5.327638866445217, 9.062507372279953, 4.307387886578371, 2.8115371836881105, 9.364314499571737, 9.568520019823508], "totalCellCount": [781.3860574162595, 970.921644210496, 298.43712782292374, 554.4919455285047, 889.6684023445183, 50.66177206515817, 869.5662539755685, 260.6945785183708, 894.729613941416, 921.8406933337428, 68.84589319851972]}}