{"isDeviceConnected": false, "data": {"dissolvedCO2": [5.3507103864141525, 4.851871378117311, 2.0820119847926666, 2.188542602423786, 6.818713457713601, 7.214342518307133, 6.3003274348051015, 9.87170851124329, 3.777586853031698, 5.738031716825353, 2.243625847552013, 1.7884307274383549, 1.762301301432318, 6.7237566466208625, 9.637303268875234, 8.240606190130467, 4.88151538367646, 9.011094670095556, 8.108157128538952, 5.980838576615553, 3.551677770333163, 8.50233378619613, 8.6046158313269, 7.011130450961901, 9.709525066854908, 1.23359531100547, 1.7650334119658666, 4.860480852148008, 5.46060855177335, 6.34589706704351, 5.468991622780478, 5.9927225435701725, 1.8992962613720419, 8.589862814734229, 1.4633220299875078, 4.324660837286911, 4.37531149163208, 7.1586347225174976, 6.642690948461069, 1.4989516031186083, 6.155920730393097, 8.773522566116709, 2.8240311499426554, 5.697634691988851], "dissolvedO2": [4.179141079643687, 5.008005094209207, 4.65862989643704, 1.716552980579558, 8.068425328725109, 9.150393185729056, 3.645634804169712, 5.900367902329338, 2.0880890555095912, 5.566403783247891, 7.554436913047972, 7.30423919793062, 9.153585834410602, 9.66131565118835, 3.751980299692236, 7.371244448093392, 3.105972505229988, 3.0800233380426727, 7.275663201833256, 2.1323487855052496, 6.346888593783368, 5.059237635587647, 9.40415203953652, 3.6749290938042907, 8.177308881020668, 9.691742843276208, 9.649990717534637, 1.6884615150588462, 6.879182740981683, 7.539358737123574, 2.8203967197814555, 8.202501010004386, 1.8919454984509576, 4.519044799955819, 9.16908897522337, 9.325240652728787, 1.1841887429514524, 2.711003835457296, 6.321554657873054, 1.3919838846324697, 3.1009126995371292, 2.4252812300223328, 1.8561624581244014, 4.87080604990423], "glucose": [66.9788540130795, 26.5011024914429, 87.60403720699796, 89.0901019401583, 19.632232240779977, 11.219094179280187, 31.727670583306846, 20.696930981701367, 74.18916534719293, 52.89540251186968, 47.832172355225836, 21.903758742654055, 24.758996585127502, 16.297264700212875, 10.312834960553714, 28.945136307678617, 22.870721992353303, 84.98418963032671, 79.27777104580647, 51.2636109515988, 45.22073060672434, 90.12524008424369, 37.91819804188491, 60.17995239406979, 53.47990853454149, 10.348835204561263, 94.12201959315912, 59.43063371323046, 28.58945487928337, 84.63757883347411, 42.42677727655894, 76.4498309636224, 10.034606184168505, 36.25371032628942, 14.032773809357986, 27.578066334974213, 63.25786142445697, 26.798825591921112, 24.397874274932104, 23.410141048628986, 14.72831371759661, 44.36425438049634, 59.98033737311732, 41.68470921099283], "od": [0.3639539663797432, 0.548548795484294, 0.27824699392723207, 0.44855156069270996, 0.24698503204564662, 0.23112290664800553, 0.49125457460508926, 0.1313602539412859, 0.5958839542109816, 0.5154632851954379, 0.3356176148611979, 0.27950427489407437, 0.3785703649131803, 0.47003950905038727, 0.17439685287847803, 0.16114790055641096, 0.5132698748001232, 0.4223078583312988, 0.4606284987733107, 0.3327090684861673, 0.547933763364472, 0.5337655529529266, 0.3536699463369609, 0.16515494341368572, 0.5886522129903589, 0.12646555681421764, 0.23431464391441711, 0.1270965827716524, 0.2961244425185462, 0.4009064623097631, 0.10916917074306567, 0.34683316484487625, 0.1380804178747386, 0.2039882063464993, 0.2199971965702658, 0.3277107841105369, 0.15446394233646518, 0.33437439938035474, 0.27436371523378045, 0.14901728991024069, 0.3997796900370014, 0.46761593826482506, 0.44373160595229444, 0.2315798442392377], "temperature": [35.91362503481954, 35.64818790632718, 36.477562703067036, 36.27381380516869, 35.482522405739765, 36.93378162071889, 35.84124399965658, 35.63270084855836, 36.396703525261856, 35.75071252589151, 35.71784724156992, 36.02554832565723, 36.934257226968, 36.38557054951119, 35.659784994298974, 36.95869454350454, 35.03283455770318, 35.21549207507275, 35.506878783149716, 35.52867224064512, 36.40749935627897, 35.659369284504834, 36.93481916005978, 36.20797684179205, 35.23909450310849, 36.91733757049874, 35.56961692019074, 36.02090144886826, 36.99565249260756, 36.77080954957408, 35.076151317103985, 36.52008427735152, 35.548030853229136, 35.02524977817356, 36.63614716180527, 36.8516855410521, 36.17417045399185, 36.045596605142904, 36.14950340541552, 35.70429451407627, 36.92098664818088, 36.69070245231787, 36.83274133874356, 36.02488039543164], "ph": [5.2089780062898665, 6.460369554845442, 5.70790882047342, 6.579420466534739, 6.458835650337394, 6.489177755883487, 5.072343410287727, 5.611154232027557, 5.846953123239183, 5.874390168824186, 5.44782437639727, 5.8541113448380795, 5.454209212310757, 5.823083960069095, 6.235888843447256, 5.323469610298348, 6.213791628868367, 5.828745975268229, 6.3962463111507155, 5.5770397634820945, 6.02666250986697, 5.484242384094572, 6.685360248640114, 6.347326896280732, 5.345371142127162, 6.056244540190477, 5.928173139622526, 6.79664902358316, 6.807472400149783, 6.579174583430123, 6.70679448209962, 5.650928121506497, 5.0477946085723655, 6.070107378374404, 6.122512551679454, 5.59229168258656, 5.144575536962656, 5.397753412586455, 6.974025556325507, 5.8713922210497635, 6.880074946441643, 5.42898506746462, 5.266292962249427, 5.543427107199581], "lightIntensity": [9.877268291816138, 6.7285706453103264, 7.696753910449931, 4.42710595536772, 3.7448023728317734, 1.0710055201165354, 3.8217949951104444, 1.849809080737108, 2.041695588680848, 7.504629775742698, 1.3709231037867935, 9.625512030173995, 4.777722298308609, 8.043315543437732, 2.200783375653033, 3.9881487474694075, 9.664063460651189, 8.777333101342917, 7.431549876153987, 8.82571858179842, 8.992447786479385, 2.2121562299820416, 3.554649201199318, 2.39857558599662, 7.1584931510279945, 1.5829693339948012, 9.16781395521457, 8.521265678809932, 6.769598601559511, 1.6998210512981549, 8.409950486817678, 6.219522154730495, 4.849698539678602, 9.598434736954829, 8.6255421142799, 3.5958429158604495, 1.344142835635072, 3.7406410900469096, 7.399417535057667, 7.805783437474158, 9.712795056146682, 7.493013670774489, 4.901309095701514, 2.49724525063069], "urea": [7.105567224290771, 9.890581601665094, 1.6197747322007396, 8.594729289150939, 6.429918149829497, 8.441561307151686, 4.3636422176947915, 2.5959131929545483, 7.332642440650256, 6.016535287188722, 6.018326381231201, 4.93018603140588, 9.502449977587267, 4.010517944688338, 5.398271966742563, 8.184448037953505, 8.30256808186001, 3.0008916895927884, 6.263201576718008, 6.569355024214266, 1.2706291767254627, 3.807784241100002, 5.4131559774599864, 5.253437341187384, 9.622106464775305, 9.876456443502926, 7.0018806642504545, 7.993141147203568, 6.268398936816529, 8.390666725227543, 8.011205024026403, 2.9410172971262325, 4.2756215562664615, 3.871362309601659, 2.676612910878331, 7.932114642982339, 8.738743762032966, 5.562005668258927, 2.3987292396587616, 7.7069103374500525, 2.2652338593144883, 7.0197008205793425, 8.529120339942711, 6.1182536374862675], "ortofosfate": [6.803532200363208, 9.257778094815672, 8.142088127649734, 2.2623030173779646, 7.67818143193502, 7.8592371962664185, 1.8148140283662078, 2.0809399400384363, 7.026535094188928, 8.278669746959324, 8.529352696947353, 6.224771424492332, 7.315337715598405, 9.030772593029198, 5.174916663139994, 2.3757526119298733, 1.9563042091986116, 3.0224684421810553, 7.721393409687181, 4.341643730319348, 9.37300693225992, 2.9119279806081777, 4.039731613448193, 4.569219399964326, 1.0953704628339904, 2.2721739848268503, 5.983538920957677, 9.793281806841506, 3.7553923235156845, 2.6161622110843887, 6.802192069250631, 2.8279550077860076, 5.618250216394687, 2.10381965068749, 7.262866384894648, 7.850051408671613, 4.253888163372159, 6.423828967907583, 8.497382894141335, 5.720284781731032, 4.10136165470559, 2.392443951092199, 5.894083351665258, 8.379997058085197],